{
    "name": "pipe",
    "videoSettings": {
        "frameExtractionRate": 15
    },
    "tags": [
        {
            "name": "curve",
            "color": "#5db300"
        }
    ],
    "useSecurityToken": true,
    "securityToken": "pipe Token",
    "id": "gXC_5QHlM",
    "activeLearningSettings": {
        "autoDetect": false,
        "predictTag": true,
        "modelPathType": "coco"
    },
    "version": "2.2.0",
    "lastVisitedAssetId": "8a617df2ffb05843b83fabf37cc30671",
    "assets": {
        "8a617df2ffb05843b83fabf37cc30671": {
            "asset": {
                "format": "png",
                "id": "8a617df2ffb05843b83fabf37cc30671",
                "name": "003047.png",
                "path": "file:/home/mukuyo/ws/dl_ws/dataset/pipe/003047.png",
                "size": {
                    "width": 640,
                    "height": 480
                },
                "state": 2,
                "type": 1
            },
            "regions": [
                {
                    "id": "LzOv83bmC",
                    "type": "RECTANGLE",
                    "tags": [
                        "curve"
                    ],
                    "boundingBox": {
                        "height": 187.61142857142858,
                        "width": 182.62210796915167,
                        "left": 351.1696658097687,
                        "top": 106.69714285714286
                    },
                    "points": [
                        {
                            "x": 351.1696658097687,
                            "y": 106.69714285714286
                        },
                        {
                            "x": 533.7917737789203,
                            "y": 106.69714285714286
                        },
                        {
                            "x": 533.7917737789203,
                            "y": 294.30857142857144
                        },
                        {
                            "x": 351.1696658097687,
                            "y": 294.30857142857144
                        }
                    ]
                }
            ],
            "version": "2.2.0"
        },
        "eef8309cd01015a24144a4507120fabf": {
            "asset": {
                "format": "png",
                "id": "eef8309cd01015a24144a4507120fabf",
                "name": "002606.png",
                "path": "file:/home/mukuyo/ws/dl_ws/dataset/pipe/002606.png",
                "size": {
                    "width": 640,
                    "height": 480
                },
                "state": 2,
                "type": 1
            },
            "regions": [
                {
                    "id": "YUS6G9qYR",
                    "type": "RECTANGLE",
                    "tags": [
                        "curve"
                    ],
                    "boundingBox": {
                        "height": 185.14285714285714,
                        "width": 152.4592973436161,
                        "left": 390.3813196229649,
                        "top": 167.31428571428572
                    },
                    "points": [
                        {
                            "x": 390.3813196229649,
                            "y": 167.31428571428572
                        },
                        {
                            "x": 542.840616966581,
                            "y": 167.31428571428572
                        },
                        {
                            "x": 542.840616966581,
                            "y": 352.45714285714286
                        },
                        {
                            "x": 390.3813196229649,
                            "y": 352.45714285714286
                        }
                    ]
                }
            ],
            "version": "2.2.0"
        },
        "d7360309bde368a0c8f05575a4f7079e": {
            "asset": {
                "format": "png",
                "id": "d7360309bde368a0c8f05575a4f7079e",
                "name": "002075.png",
                "path": "file:/home/mukuyo/ws/dl_ws/dataset/pipe/002075.png",
                "size": {
                    "width": 640,
                    "height": 480
                },
                "state": 2,
                "type": 1
            },
            "regions": [
                {
                    "id": "EYjJ8_iXs",
                    "type": "RECTANGLE",
                    "tags": [
                        "curve"
                    ],
                    "boundingBox": {
                        "height": 193.6457142857143,
                        "width": 185.36418166238218,
                        "left": 333.0719794344473,
                        "top": 102.30857142857144
                    },
                    "points": [
                        {
                            "x": 333.0719794344473,
                            "y": 102.30857142857144
                        },
                        {
                            "x": 518.4361610968294,
                            "y": 102.30857142857144
                        },
                        {
                            "x": 518.4361610968294,
                            "y": 295.95428571428573
                        },
                        {
                            "x": 333.0719794344473,
                            "y": 295.95428571428573
                        }
                    ]
                }
            ],
            "version": "2.2.0"
        },
        "c71db1012cc6acf7df2719a79075fb05": {
            "asset": {
                "format": "png",
                "id": "c71db1012cc6acf7df2719a79075fb05",
                "name": "002012.png",
                "path": "file:/home/mukuyo/ws/dl_ws/dataset/pipe/002012.png",
                "size": {
                    "width": 640,
                    "height": 480
                },
                "state": 2,
                "type": 1
            },
            "regions": [
                {
                    "id": "gQ-RuJDMX",
                    "type": "RECTANGLE",
                    "tags": [
                        "curve"
                    ],
                    "boundingBox": {
                        "height": 180.48000000000002,
                        "width": 166.16966580976865,
                        "left": 290.5698371893745,
                        "top": 103.4057142857143
                    },
                    "points": [
                        {
                            "x": 290.5698371893745,
                            "y": 103.4057142857143
                        },
                        {
                            "x": 456.7395029991431,
                            "y": 103.4057142857143
                        },
                        {
                            "x": 456.7395029991431,
                            "y": 283.8857142857143
                        },
                        {
                            "x": 290.5698371893745,
                            "y": 283.8857142857143
                        }
                    ]
                }
            ],
            "version": "2.2.0"
        },
        "6238c9b41aef345f528c8ee94c3ae543": {
            "asset": {
                "format": "png",
                "id": "6238c9b41aef345f528c8ee94c3ae543",
                "name": "001807.png",
                "path": "file:/home/mukuyo/ws/dl_ws/dataset/pipe/001807.png",
                "size": {
                    "width": 640,
                    "height": 480
                },
                "state": 2,
                "type": 1
            },
            "regions": [
                {
                    "id": "Volo1iydt",
                    "type": "RECTANGLE",
                    "tags": [
                        "curve"
                    ],
                    "boundingBox": {
                        "height": 88.0457142857143,
                        "width": 83.08483290488432,
                        "left": 276.5852613538989,
                        "top": 181.85142857142858
                    },
                    "points": [
                        {
                            "x": 276.5852613538989,
                            "y": 181.85142857142858
                        },
                        {
                            "x": 359.6700942587832,
                            "y": 181.85142857142858
                        },
                        {
                            "x": 359.6700942587832,
                            "y": 269.89714285714285
                        },
                        {
                            "x": 276.5852613538989,
                            "y": 269.89714285714285
                        }
                    ]
                }
            ],
            "version": "2.2.0"
        },
        "4f161cff84c78b6a93a66393c921849f": {
            "asset": {
                "format": "png",
                "id": "4f161cff84c78b6a93a66393c921849f",
                "name": "001671.png",
                "path": "file:/home/mukuyo/ws/dl_ws/dataset/pipe/001671.png",
                "size": {
                    "width": 640,
                    "height": 480
                },
                "state": 2,
                "type": 1
            },
            "regions": [
                {
                    "id": "VWFTRh69K",
                    "type": "RECTANGLE",
                    "tags": [
                        "curve"
                    ],
                    "boundingBox": {
                        "height": 83.10857142857144,
                        "width": 74.31019708654671,
                        "left": 292.2150814053128,
                        "top": 191.17714285714285
                    },
                    "points": [
                        {
                            "x": 292.2150814053128,
                            "y": 191.17714285714285
                        },
                        {
                            "x": 366.52527849185947,
                            "y": 191.17714285714285
                        },
                        {
                            "x": 366.52527849185947,
                            "y": 274.2857142857143
                        },
                        {
                            "x": 292.2150814053128,
                            "y": 274.2857142857143
                        }
                    ]
                }
            ],
            "version": "2.2.0"
        },
        "d8de2acd74ce0441dd6a3a2663f66bc5": {
            "asset": {
                "format": "png",
                "id": "d8de2acd74ce0441dd6a3a2663f66bc5",
                "name": "001630.png",
                "path": "file:/home/mukuyo/ws/dl_ws/dataset/pipe/001630.png",
                "size": {
                    "width": 640,
                    "height": 480
                },
                "state": 2,
                "type": 1
            },
            "regions": [
                {
                    "id": "Dz5z2guDy",
                    "type": "RECTANGLE",
                    "tags": [
                        "curve"
                    ],
                    "boundingBox": {
                        "height": 86.94857142857143,
                        "width": 82.26221079691517,
                        "left": 297.42502142245075,
                        "top": 179.10857142857145
                    },
                    "points": [
                        {
                            "x": 297.42502142245075,
                            "y": 179.10857142857145
                        },
                        {
                            "x": 379.6872322193659,
                            "y": 179.10857142857145
                        },
                        {
                            "x": 379.6872322193659,
                            "y": 266.0571428571429
                        },
                        {
                            "x": 297.42502142245075,
                            "y": 266.0571428571429
                        }
                    ]
                }
            ],
            "version": "2.2.0"
        },
        "376aaaf353e5d1371fb6e30d97492c55": {
            "asset": {
                "format": "png",
                "id": "376aaaf353e5d1371fb6e30d97492c55",
                "name": "001517.png",
                "path": "file:/home/mukuyo/ws/dl_ws/dataset/pipe/001517.png",
                "size": {
                    "width": 640,
                    "height": 480
                },
                "state": 2,
                "type": 1
            },
            "regions": [
                {
                    "id": "ddVIigpT_",
                    "type": "RECTANGLE",
                    "tags": [
                        "curve"
                    ],
                    "boundingBox": {
                        "height": 97.92,
                        "width": 93.7789203084833,
                        "left": 285.63410454155957,
                        "top": 185.96571428571428
                    },
                    "points": [
                        {
                            "x": 285.63410454155957,
                            "y": 185.96571428571428
                        },
                        {
                            "x": 379.41302485004286,
                            "y": 185.96571428571428
                        },
                        {
                            "x": 379.41302485004286,
                            "y": 283.8857142857143
                        },
                        {
                            "x": 285.63410454155957,
                            "y": 283.8857142857143
                        }
                    ]
                }
            ],
            "version": "2.2.0"
        },
        "31192bbe621215ca6b9c615668eb0a63": {
            "asset": {
                "format": "png",
                "id": "31192bbe621215ca6b9c615668eb0a63",
                "name": "001454.png",
                "path": "file:/home/mukuyo/ws/dl_ws/dataset/pipe/001454.png",
                "size": {
                    "width": 640,
                    "height": 480
                },
                "state": 2,
                "type": 1
            },
            "regions": [
                {
                    "id": "p33UwED9w",
                    "type": "RECTANGLE",
                    "tags": [
                        "curve"
                    ],
                    "boundingBox": {
                        "height": 102.85714285714286,
                        "width": 96.79520137103685,
                        "left": 286.18251928020567,
                        "top": 152.22857142857143
                    },
                    "points": [
                        {
                            "x": 286.18251928020567,
                            "y": 152.22857142857143
                        },
                        {
                            "x": 382.9777206512425,
                            "y": 152.22857142857143
                        },
                        {
                            "x": 382.9777206512425,
                            "y": 255.0857142857143
                        },
                        {
                            "x": 286.18251928020567,
                            "y": 255.0857142857143
                        }
                    ]
                }
            ],
            "version": "2.2.0"
        },
        "918312db784f43210dd6e0d9fe38885d": {
            "asset": {
                "format": "png",
                "id": "918312db784f43210dd6e0d9fe38885d",
                "name": "001383.png",
                "path": "file:/home/mukuyo/ws/dl_ws/dataset/pipe/001383.png",
                "size": {
                    "width": 640,
                    "height": 480
                },
                "state": 2,
                "type": 1
            },
            "regions": [
                {
                    "id": "DGABhiAU8",
                    "type": "RECTANGLE",
                    "tags": [
                        "curve"
                    ],
                    "boundingBox": {
                        "height": 105.05142857142857,
                        "width": 77.87489288774636,
                        "left": 283.1662382176521,
                        "top": 160.73142857142858
                    },
                    "points": [
                        {
                            "x": 283.1662382176521,
                            "y": 160.73142857142858
                        },
                        {
                            "x": 361.04113110539845,
                            "y": 160.73142857142858
                        },
                        {
                            "x": 361.04113110539845,
                            "y": 265.78285714285715
                        },
                        {
                            "x": 283.1662382176521,
                            "y": 265.78285714285715
                        }
                    ]
                }
            ],
            "version": "2.2.0"
        },
        "6c6753093c351c6faef7b5930cf9a84a": {
            "asset": {
                "format": "png",
                "id": "6c6753093c351c6faef7b5930cf9a84a",
                "name": "001296.png",
                "path": "file:/home/mukuyo/ws/dl_ws/dataset/pipe/001296.png",
                "size": {
                    "width": 640,
                    "height": 480
                },
                "state": 2,
                "type": 1
            },
            "regions": [
                {
                    "id": "kUBKPbn9I",
                    "type": "RECTANGLE",
                    "tags": [
                        "curve"
                    ],
                    "boundingBox": {
                        "height": 106.69714285714286,
                        "width": 52.09940017137961,
                        "left": 314.7000856898029,
                        "top": 144
                    },
                    "points": [
                        {
                            "x": 314.7000856898029,
                            "y": 144
                        },
                        {
                            "x": 366.7994858611825,
                            "y": 144
                        },
                        {
                            "x": 366.7994858611825,
                            "y": 250.69714285714286
                        },
                        {
                            "x": 314.7000856898029,
                            "y": 250.69714285714286
                        }
                    ]
                }
            ],
            "version": "2.2.0"
        },
        "11661935593997bfb21fc554c1326537": {
            "asset": {
                "format": "png",
                "id": "11661935593997bfb21fc554c1326537",
                "name": "001156.png",
                "path": "file:/home/mukuyo/ws/dl_ws/dataset/pipe/001156.png",
                "size": {
                    "width": 640,
                    "height": 480
                },
                "state": 2,
                "type": 1
            },
            "regions": [
                {
                    "id": "mmRueIOIW",
                    "type": "RECTANGLE",
                    "tags": [
                        "curve"
                    ],
                    "boundingBox": {
                        "height": 96.54857142857144,
                        "width": 86.64952870608398,
                        "left": 324.02313624678663,
                        "top": 169.78285714285715
                    },
                    "points": [
                        {
                            "x": 324.02313624678663,
                            "y": 169.78285714285715
                        },
                        {
                            "x": 410.6726649528706,
                            "y": 169.78285714285715
                        },
                        {
                            "x": 410.6726649528706,
                            "y": 266.3314285714286
                        },
                        {
                            "x": 324.02313624678663,
                            "y": 266.3314285714286
                        }
                    ]
                }
            ],
            "version": "2.2.0"
        },
        "b9dd9eab924a4f1e751ff082f9ad7173": {
            "asset": {
                "format": "png",
                "id": "b9dd9eab924a4f1e751ff082f9ad7173",
                "name": "001026.png",
                "path": "file:/home/mukuyo/ws/dl_ws/dataset/pipe/001026.png",
                "size": {
                    "width": 640,
                    "height": 480
                },
                "state": 2,
                "type": 1
            },
            "regions": [
                {
                    "id": "d50jNH45X",
                    "type": "RECTANGLE",
                    "tags": [
                        "curve"
                    ],
                    "boundingBox": {
                        "height": 102.30857142857144,
                        "width": 110.50556983718938,
                        "left": 325.942587832048,
                        "top": 168.96
                    },
                    "points": [
                        {
                            "x": 325.942587832048,
                            "y": 168.96
                        },
                        {
                            "x": 436.4481576692374,
                            "y": 168.96
                        },
                        {
                            "x": 436.4481576692374,
                            "y": 271.2685714285714
                        },
                        {
                            "x": 325.942587832048,
                            "y": 271.2685714285714
                        }
                    ]
                }
            ],
            "version": "2.2.0"
        }
    }
}